priority,url,page_type,primary_keyword,secondary_keywords,question_variants,buyer_intent,target_country,local_language_variant,trade_data_demand_rank,kw_volume,kw_difficulty,current_title,proposed_title,current_meta,proposed_meta,cannibalization_risk_with,primary_sources_needed
1,/blog/how-to-import-basmati-rice-from-india/ (proposed),blog,how to import basmati rice from india,,,informational,,,,,,,How to Import Basmati Rice from India: Contract to Port,,,"Generic import guide owns ""how to import from india""; 1121 post owns grades. Link both, no overlap.",APEDA RCAC trade notice; SFDA / MOCCAE / FDA import pages
2,/blog/india-vs-pakistan-basmati-rice/ (proposed),blog,india vs pakistan basmati rice,,,commercial,,,,,,,India vs Pakistan Basmati: Which Origin for Your Market?,,,New family. Must be balanced: Pakistan wins on some traditional/Super Kernel demand.,APEDA; Pakistan TDAP/PBS export data; EU GI register
3,/blog/hs-code-for-basmati-rice/ (proposed),blog,hs code for basmati rice,,,informational,,,,,,,HS Code for Basmati Rice and Import Duty by Market,,,HS finder owns the generic code lookup; this owns basmati + duty.,ITC-HS 1006 30; GCC common tariff; US HTS 1006.30; UK Global Tariff
4,/blog/red-chilli-price-trend-india/ (proposed),blog,red chilli price trend india,,,commercial,,,,,,,Indian Red Chilli Price Trend: Guntur Arrivals and Drivers,,,"Product page owns ""price india"" (spot); this owns ""trend"" (history + drivers).",Agmarknet (Guntur APMC arrivals/prices); Spices Board monthly prices
5,/blog/how-to-import-frozen-shrimp-from-india/ (proposed),blog,how to import frozen shrimp from india,,,informational,,,,,,,How to Import Frozen Shrimp from India: Plant to Port,,,USA and China posts own country queries; this is the multi-market process.,MPEDA; EIC-approved establishment lists; FDA/GACC pages
6,/blog/india-vs-ecuador-shrimp/ (proposed),blog,india vs ecuador shrimp,,,commercial,,,,,,,India vs Ecuador Shrimp: What US and China Buyers Trade Off,,,New. Balanced: Ecuador wins on head-on large counts to China.,NOAA Fisheries US import data by country; MPEDA; Ecuador CNA/BCE export data
7,/blog/teja-vs-s4-chilli/ (proposed),blog,teja vs s4 chilli,,,informational,,,,,,,"Teja vs Guntur S4 Chilli: Heat, Colour and End Use",,,Chilli–China post mentions varieties briefly; this is the deep-dive and the guide links to it.,Spices Board grade specs; Agmarknet variety-wise prices
8,/blog/indian-soybean-meal-price-trend/ (proposed),blog,indian soybean meal price trend,,,commercial,,,,,,,Indian Soybean Meal Price Trend: Crush Season and SOPA Data,,,"Product page owns ""price india"".",SOPA monthly export volumes and DOC prices
9,/blog/how-to-import-groundnut-from-india/ (proposed),blog,how to import groundnut from india,,,informational,,,,,,,How to Import Groundnut Kernels from India: Aflatoxin to Port,,,Indonesia post owns the country query.,APEDA groundnut export procedure / Peanut.Net traceability; EU 2023/915 aflatoxin limits; BPOM
10,/blog/bold-vs-java-groundnut/ (proposed),blog,bold vs java groundnut,,,informational,,,,,,,"Bold vs Java Groundnut: Counts, Uses and Prices",,,New.,APEDA / IOPEPC grade notes; Agmarknet
11,/blog/cumin-price-trend-india/ (proposed),blog,cumin price trend india,,,commercial,,,,,,,"Indian Cumin Price Trend: Unjha Arrivals, Crop Size, NCDEX",,,"Product page owns ""price india"".",Agmarknet (Unjha APMC); NCDEX jeera contract data
12,/blog/import-psyllium-husk-from-india/ (proposed),blog,import psyllium husk from india,,,commercial,,,,,,,How to Import Psyllium Husk from India: Purity Grades and Rules,,,"Product × country USA page owns ""exporter india to usa""; this is multi-market.",WITS; FDA/EU rules for psyllium as food/supplement; APEDA
13,/blog/landed-cost-import-from-india/ (proposed),blog,landed cost import from india,,,commercial,,,,,,,Landed Cost from India: A Worked 20ft Example,,,"Uses only sourced layers, labelled indicative. If no freight index is citable when writing, it's re-scoped to a cost template without dollar figures.",Site container loads; a public freight index (Drewry WCI / Freightos FBX); one destination's published duty rate
14,/blog/lc-vs-tt-first-order-from-india/ (proposed),blog,lc vs tt first order from india,,,informational,,,,,,,LC vs TT for Your First Order from an Indian Exporter,,,"`/payment-terms/` owns ""payment terms indian exporters"" (what we accept); this is the buyer's decision guide.",ICC UCP 600; RBI export-receipt rules
15,/blog/how-to-evaluate-basmati-rice-exporters-in-india/ (proposed),blog,how to evaluate basmati rice exporters in india,,,commercial,,,,,,,How to Evaluate Basmati Rice Exporters in India: Buyer's Checklist,,,Verify-an-exporter post is generic; this adds basmati-specific checks. No self-ranking.,APEDA RCAC register; DGFT IEC; GI rules
16,/blog/how-to-evaluate-spice-exporters-in-india/ (proposed),blog,how to evaluate spice exporters in india,,,commercial,,,,,,,How to Evaluate Spice Exporters in India: Buyer's Checklist,,,Same split as #15.,Spices Board exporter registration (CRES); DGFT; APEDA
17,/blog/hs-codes-for-indian-spices/ (proposed),blog,hs codes for indian spices,,,informational,,,,,,,HS Codes for Indian Spices and Import Duties in Top Markets,,,HS finder owns the generic lookup.,"ITC-HS chapter 09; destination tariffs (CN, US, AE, BD)"
18,/blog/india-onion-export-policy/ (proposed),blog,india onion export policy,,,informational,,,,,,,"India Onion Export Policy Since 2019: MEP, Duty and Bans",,,"**Risk:** dehydrated-vs-fresh post covers recent controls. This post owns the full timeline, and that post's section shrinks to a summary + link.",DGFT notifications; PIB releases
19,/blog/third-party-inspection-before-shipment-india/ (proposed),blog,third party inspection before shipment india,,,informational,,,,,,,Third-Party Inspection Before Shipment from India: How to Book It,,,"`/quality-compliance/` owns ""pre-shipment inspection india"" (our process); this is the buyer's how-to.",SGS / BV / Intertek service pages; ISO/IEC 17020
20,/blog/minimum-order-quantity-import-from-india/ (proposed),blog,minimum order quantity import from india,,,commercial,,,,,,,"Trial Container from India: MOQ, Samples and First-Order Size",,,**Risk:** the first-order walkthrough covers timeline; this covers sizing only. Re-scope or merge if the uniqueness gate flags them.,Site MOQ and loads
